{"splits": {"n_rows": 9859226, "n_vehicles": 3233, "n_frames": 11419, "frame_min": 1, "frame_max": 11419}, "missing": {"na_rate": {"Frame_ID": 0.0, "Vehicle_ID": 0.0, "Local_X": 0.0, "Local_Y": 0.0, "Lane_ID": 0.0, "Preceding": 0.0, "Following": 0.0, "X_s": 0.0, "Y_s": 0.0, "vx": 0.0, "vy": 0.0, "ax": 0.0, "ay": 0.0, "theta": 0.0}, "gap_rate_per_vehicle_mean": 0.0, "gap_rate_per_vehicle_p95": 0.0, "max_gap_len_p95": 0.0}, "tails": {"X_s": {"q50": 28.994734, "q90": 59.9716545, "q99": 81.78289749999999, "q999": 88.9635792500001, "mean": 27.884172595166202, "std": 25.655599239132755}, "Y_s": {"q50": 479.70881499999996, "q90": 908.77785, "q99": 998.6122, "q999": 1000.3167890000003, "mean": 481.81094568697483, "std": 300.5807694212435}, "vx": {"q50": -0.00032424927, "q90": 0.5385685, "q99": 6.0725594, "q999": 26.3346731250004, "mean": -0.029195750019621925, "std": 2.441743805402165}, "vy": {"q50": 0.6724167, "q90": 31.481934, "q99": 56.06201, "q999": 216.1420267500003, "mean": 1.59818616720435, "std": 37.41690142288276}, "ax": {"q50": 0.0, "q90": 0.36010742, "q99": 4.98805035, "q999": 39.293645800000355, "mean": 0.005797452178922903, "std": 5.192201353238588}, "ay": {"q50": 0.0, "q90": 2.6367188, "q99": 64.34831625000001, "q999": 568.5110810000186, "mean": -0.046593432148305663, "std": 75.3132801031953}, "theta": {"q50": -0.00012862762, "q90": 3.114031, "q99": 3.140677, "q999": 3.1415374, "mean": -0.023363449240413007, "std": 1.9234150598373403}}}