{
  "missing": {
    "na_rate": {
      "Vehicle_ID": 0.0,
      "Frame_ID": 0.0,
      "Local_X": 0.0,
      "Local_Y": 0.0,
      "Lane_ID": 0.0,
      "Preceding": 0.0,
      "Following": 0.0
    },
    "gap_rate_per_vehicle_mean": 0.0014721614637838425,
    "gap_rate_per_vehicle_p95": 0.003498462321991732,
    "max_gap_len_p95": 1881.7999999999993
  },
  "splits": {
    "n_rows": 6814953,
    "n_vehicles": 3233,
    "n_frames": 11074,
    "frame_min": 1,
    "frame_max": 11419
  },
  "tails": {
    "Local_X": {
      "q50": 28.887,
      "q90": 63.975,
      "q99": 82.746,
      "q999": 88.585,
      "mean": 27.292193605297058,
      "std": 26.726888533668824
    },
    "Local_Y": {
      "q50": 505.915,
      "q90": 890.561,
      "q99": 988.675,
      "q999": 998.845,
      "mean": 511.0638130364215,
      "std": 266.0264483437019
    },
    "Lane_ID": {
      "q50": 3.0,
      "q90": 6.0,
      "q99": 12.0,
      "q999": 31.0,
      "mean": 3.4872396038534674,
      "std": 2.6282785557553323
    },
    "Preceding": {
      "q50": 2.0,
      "q90": 763.0,
      "q99": 974.0,
      "q999": 997.0,
      "mean": 199.89106660016583,
      "std": 309.3374863954035
    },
    "Following": {
      "q50": 2.0,
      "q90": 753.0,
      "q99": 973.0,
      "q999": 997.0,
      "mean": 190.28386901567774,
      "std": 305.1429698466009
    }
  }
}